@serial_number@,@sim_path@,@Perm@,@Por@,@alpha@,@Rech@,@seepage@
0,/Users/satyarth/Projects/LBNL/lbnl-ensemble-sim/sample_ensemble_sims_dir/sim0,4.408969753374066e-12,0.44289224486762635,0.0003460589921127985,4.2856554524122925e-06,0.00020475088321274588
1,/Users/satyarth/Projects/LBNL/lbnl-ensemble-sim/sample_ensemble_sims_dir/sim1,5.068216252903548e-12,0.3708883885509529,0.00041130384449089775,3.8087754567316266e-06,0.00027367610821234315
2,/Users/satyarth/Projects/LBNL/lbnl-ensemble-sim/sample_ensemble_sims_dir/sim2,5.337602664373828e-12,0.4235062717431389,0.00044535080796473576,4.130702156248647e-06,0.00020231882053663007
3,/Users/satyarth/Projects/LBNL/lbnl-ensemble-sim/sample_ensemble_sims_dir/sim3,4.363698788826776e-12,0.4170492805135988,0.00042601503046128873,4.8178611010172425e-06,0.00023366078675646725
